<SmpWinPrj><ProjectName>T:\Engineering\Jobs\05 Jobs\0506393 (SILVERTON CASINO)\0506393 Crestron\NewCrestron\SilvertonCasio POLYCOM.smw</ProjectName><VersionInfo><SmpWinVersion>2.06.20</SmpWinVersion><CresDBVersion>17.4.4</CresDBVersion><SymbolLibrary>360</SymbolLibrary><DeviceLibrary>360</DeviceLibrary></VersionInfo><MinVersionInfo><MinSMWVersion>2.00.00</MinSMWVersion><MinTIOVersion>351</MinTIOVersion><MinUPZVersion>3.033</MinUPZVersion><CtrlSysType>0</CtrlSysType></MinVersionInfo><FileList><SimpWinFile>T:\Engineering\Jobs\05 Jobs\0506393 (SILVERTON CASINO)\0506393 Crestron\NewCrestron\SilvertonCasio POLYCOM.smw</SimpWinFile><SimpWinFile>T:\Engineering\Jobs\05 Jobs\0506393 (SILVERTON CASINO)\0506393 Crestron\NewCrestron\SilvertonCasio POLYCOM.spz</SimpWinFile><SimpWinFile>T:\Engineering\Jobs\05 Jobs\0506393 (SILVERTON CASINO)\0506393 Crestron\NewCrestron\SilvertonCasio POLYCOM.sig</SimpWinFile><SimpWinFile>T:\Engineering\Jobs\05 Jobs\0506393 (SILVERTON CASINO)\0506393 Crestron\NewCrestron\Samsung PPM42M5S + 42M5H + 50M5H + 63M5H Plasma.umc</SimpWinFile><SimpWinFile>T:\Engineering\Jobs\05 Jobs\0506393 (SILVERTON CASINO)\0506393 Crestron\NewCrestron\Samsung Checksum.ush</SimpWinFile><SimpWinFile>T:\Engineering\Jobs\05 Jobs\0506393 (SILVERTON CASINO)\0506393 Crestron\NewCrestron\Samsung Checksum.usp</SimpWinFile><SimpWinFile>T:\Engineering\Jobs\05 Jobs\0506393 (SILVERTON CASINO)\0506393 Crestron\NewCrestron\Polycom VSX7000 &amp; VSX8000 Initialization.umc</SimpWinFile><SimpWinFile>T:\Engineering\Jobs\05 Jobs\0506393 (SILVERTON CASINO)\0506393 Crestron\NewCrestron\Polycom VSX7000 &amp; VSX8000 Camera Control.umc</SimpWinFile><SimpWinFile>T:\Engineering\Jobs\05 Jobs\0506393 (SILVERTON CASINO)\0506393 Crestron\NewCrestron\Polycom VSX7000 &amp; VSX8000 Video Switching.umc</SimpWinFile><SimpWinFile>T:\Engineering\Jobs\05 Jobs\0506393 (SILVERTON CASINO)\0506393 Crestron\NewCrestron\Polycom VSX7000 &amp; VSX8000 Basic Control.umc</SimpWinFile><SimpWinFile>T:\Engineering\Jobs\05 Jobs\0506393 (SILVERTON CASINO)\0506393 Crestron\NewCrestron\Polycom VSX7000 &amp; VSX8000 IR Emulation.umc</SimpWinFile><SimpWinFile>T:\Engineering\Jobs\05 Jobs\0506393 (SILVERTON CASINO)\0506393 Crestron\NewCrestron\Polycom VSX7000 &amp; VSX8000 Video AddressBook.umc</SimpWinFile><SimpWinFile>T:\Engineering\Jobs\05 Jobs\0506393 (SILVERTON CASINO)\0506393 Crestron\NewCrestron\PolyproE.ush</SimpWinFile><SimpWinFile>T:\Engineering\Jobs\05 Jobs\0506393 (SILVERTON CASINO)\0506393 Crestron\NewCrestron\PolyproE.usp</SimpWinFile><SimpWinFile>T:\Engineering\Jobs\05 Jobs\0506393 (SILVERTON CASINO)\0506393 Crestron\NewCrestron\Addressbook With Site Names (100 Entries).umc</SimpWinFile><SimpWinFile>T:\Engineering\Jobs\05 Jobs\0506393 (SILVERTON CASINO)\0506393 Crestron\NewCrestron\AbkProC.ush</SimpWinFile><SimpWinFile>T:\Engineering\Jobs\05 Jobs\0506393 (SILVERTON CASINO)\0506393 Crestron\NewCrestron\AbkProC.usp</SimpWinFile><SimpWinFile>T:\Engineering\Jobs\05 Jobs\0506393 (SILVERTON CASINO)\0506393 Crestron\NewCrestron\Polycom VSX7000 &amp; VSX8000 Video Dialing.umc</SimpWinFile><SimpWinFile>T:\Engineering\Jobs\05 Jobs\0506393 (SILVERTON CASINO)\0506393 Crestron\NewCrestron\Generic Dialer.ush</SimpWinFile><SimpWinFile>T:\Engineering\Jobs\05 Jobs\0506393 (SILVERTON CASINO)\0506393 Crestron\NewCrestron\Generic Dialer.usp</SimpWinFile><SimpWinFile>T:\Engineering\Jobs\05 Jobs\0506393 (SILVERTON CASINO)\0506393 Crestron\NewCrestron\KeyProA.ush</SimpWinFile><SimpWinFile>T:\Engineering\Jobs\05 Jobs\0506393 (SILVERTON CASINO)\0506393 Crestron\NewCrestron\KeyProA.usp</SimpWinFile><SimpWinFile>T:\Engineering\Jobs\05 Jobs\0506393 (SILVERTON CASINO)\0506393 Crestron\NewCrestron\Polycom VSX7000 &amp; VSX8000 Audio Dial.umc</SimpWinFile><SimpWinFile>T:\Engineering\Jobs\05 Jobs\0506393 (SILVERTON CASINO)\0506393 Crestron\NewCrestron\Polycom VSX7000 &amp; VSX8000 Streaming Controls.umc</SimpWinFile><SimpWinFile>T:\Engineering\Jobs\05 Jobs\0506393 (SILVERTON CASINO)\0506393 Crestron\NewCrestron\PolystrB.ush</SimpWinFile><SimpWinFile>T:\Engineering\Jobs\05 Jobs\0506393 (SILVERTON CASINO)\0506393 Crestron\NewCrestron\PolystrB.usp</SimpWinFile></FileList><CompileData><UploadFile>T:\Engineering\Jobs\05 Jobs\0506393 (SILVERTON CASINO)\0506393 Crestron\NewCrestron\SilvertonCasio POLYCOM.spz</UploadFile></CompileData><ControlSystem><ControlSystemName>MC2E</ControlSystemName><ControlSystemCode>586</ControlSystemCode></ControlSystem><DeviceData><DEVICE><DeviceName>MC2E</DeviceName><DeviceCode>586</DeviceCode><DeviceHandle>2</DeviceHandle><DvcSymbolHandle>0</DvcSymbolHandle><DeviceLibraryName>MC2E</DeviceLibraryName><WizardCateogry>8</WizardCateogry><DeviceSettableMode>2</DeviceSettableMode><DeviceFirmwareName>MC2E</DeviceFirmwareName><IsNetDevice>0</IsNetDevice><Address>00</Address></DEVICE><DEVICE><DeviceName>C2Net-Device</DeviceName><DeviceCode>371</DeviceCode><DeviceHandle>4</DeviceHandle><DvcSymbolHandle>6</DvcSymbolHandle><DeviceLibraryName>C2Net-Device</DeviceLibraryName><SymbolTagName>Slot</SymbolTagName><WizardCateogry>1</WizardCateogry><DeviceSettableMode>2</DeviceSettableMode><IsNetDevice>1</IsNetDevice><LocalOrRemote>Local</LocalOrRemote><Address>01</Address><AddressType>Cresnet</AddressType></DEVICE><DEVICE><DeviceName>C2I-MC2-IR4</DeviceName><DeviceCode>555</DeviceCode><DeviceHandle>260</DeviceHandle><DvcSymbolHandle>7</DvcSymbolHandle><DeviceLibraryName>C2I-MC2-IR4</DeviceLibraryName><SymbolTagName>Slot</SymbolTagName><WizardCateogry>1</WizardCateogry><DeviceSettableMode>2</DeviceSettableMode><DeviceFirmwareName>C2I-MC2-IR4</DeviceFirmwareName><IsNetDevice>0</IsNetDevice><Address>02</Address><AddressType>Cresnet</AddressType></DEVICE><DEVICE><DeviceName>C2I-MC2-IO4</DeviceName><DeviceCode>556</DeviceCode><DeviceHandle>266</DeviceHandle><DvcSymbolHandle>8</DvcSymbolHandle><DeviceLibraryName>C2I-MC2-IO4</DeviceLibraryName><SymbolTagName>Slot</SymbolTagName><WizardCateogry>1</WizardCateogry><DeviceSettableMode>2</DeviceSettableMode><DeviceFirmwareName>C2I-MC2-IO4</DeviceFirmwareName><IsNetDevice>0</IsNetDevice><Address>03</Address><AddressType>Cresnet</AddressType></DEVICE><DEVICE><DeviceName>DIO-Port</DeviceName><DeviceCode>125</DeviceCode><DeviceHandle>268</DeviceHandle><DvcSymbolHandle>0</DvcSymbolHandle><DeviceLibraryName>DIO-Port</DeviceLibraryName><SymbolTagName>Slot</SymbolTagName><WizardCateogry>32</WizardCateogry><DeviceSettableMode>2</DeviceSettableMode><IsNetDevice>0</IsNetDevice><Address>01</Address><AddressType>Cresnet</AddressType></DEVICE><DEVICE><DeviceName>DIO-Port</DeviceName><DeviceCode>125</DeviceCode><DeviceHandle>270</DeviceHandle><DvcSymbolHandle>0</DvcSymbolHandle><DeviceLibraryName>DIO-Port</DeviceLibraryName><SymbolTagName>Slot</SymbolTagName><WizardCateogry>32</WizardCateogry><DeviceSettableMode>2</DeviceSettableMode><IsNetDevice>0</IsNetDevice><Address>02</Address><AddressType>Cresnet</AddressType></DEVICE><DEVICE><DeviceName>DIO-Port</DeviceName><DeviceCode>125</DeviceCode><DeviceHandle>272</DeviceHandle><DvcSymbolHandle>0</DvcSymbolHandle><DeviceLibraryName>DIO-Port</DeviceLibraryName><SymbolTagName>Slot</SymbolTagName><WizardCateogry>32</WizardCateogry><DeviceSettableMode>2</DeviceSettableMode><IsNetDevice>0</IsNetDevice><Address>03</Address><AddressType>Cresnet</AddressType></DEVICE><DEVICE><DeviceName>DIO-Port</DeviceName><DeviceCode>125</DeviceCode><DeviceHandle>274</DeviceHandle><DvcSymbolHandle>0</DvcSymbolHandle><DeviceLibraryName>DIO-Port</DeviceLibraryName><SymbolTagName>Slot</SymbolTagName><WizardCateogry>32</WizardCateogry><DeviceSettableMode>2</DeviceSettableMode><IsNetDevice>0</IsNetDevice><Address>04</Address><AddressType>Cresnet</AddressType></DEVICE><DEVICE><DeviceName>C2I-MC2-RY4</DeviceName><DeviceCode>557</DeviceCode><DeviceHandle>276</DeviceHandle><DvcSymbolHandle>9</DvcSymbolHandle><DeviceLibraryName>C2I-MC2-RY4</DeviceLibraryName><SymbolTagName>Slot</SymbolTagName><WizardCateogry>1</WizardCateogry><DeviceSettableMode>2</DeviceSettableMode><DeviceFirmwareName>C2I-MC2-RY4</DeviceFirmwareName><IsNetDevice>0</IsNetDevice><Address>04</Address><AddressType>Cresnet</AddressType></DEVICE><DEVICE><DeviceName>Relay</DeviceName><DeviceCode>7</DeviceCode><DeviceHandle>278</DeviceHandle><DvcSymbolHandle>0</DvcSymbolHandle><DeviceLibraryName>Relay</DeviceLibraryName><SymbolTagName>Slot</SymbolTagName><WizardCateogry>32</WizardCateogry><DeviceSettableMode>2</DeviceSettableMode><IsNetDevice>0</IsNetDevice><Address>01</Address><AddressType>Cresnet</AddressType></DEVICE><DEVICE><DeviceName>Relay</DeviceName><DeviceCode>7</DeviceCode><DeviceHandle>280</DeviceHandle><DvcSymbolHandle>0</DvcSymbolHandle><DeviceLibraryName>Relay</DeviceLibraryName><SymbolTagName>Slot</SymbolTagName><WizardCateogry>32</WizardCateogry><DeviceSettableMode>2</DeviceSettableMode><IsNetDevice>0</IsNetDevice><Address>02</Address><AddressType>Cresnet</AddressType></DEVICE><DEVICE><DeviceName>Relay</DeviceName><DeviceCode>7</DeviceCode><DeviceHandle>282</DeviceHandle><DvcSymbolHandle>0</DvcSymbolHandle><DeviceLibraryName>Relay</DeviceLibraryName><SymbolTagName>Slot</SymbolTagName><WizardCateogry>32</WizardCateogry><DeviceSettableMode>2</DeviceSettableMode><IsNetDevice>0</IsNetDevice><Address>03</Address><AddressType>Cresnet</AddressType></DEVICE><DEVICE><DeviceName>Relay</DeviceName><DeviceCode>7</DeviceCode><DeviceHandle>284</DeviceHandle><DvcSymbolHandle>0</DvcSymbolHandle><DeviceLibraryName>Relay</DeviceLibraryName><SymbolTagName>Slot</SymbolTagName><WizardCateogry>32</WizardCateogry><DeviceSettableMode>2</DeviceSettableMode><IsNetDevice>0</IsNetDevice><Address>04</Address><AddressType>Cresnet</AddressType></DEVICE><DEVICE><DeviceName>C2ENET-1</DeviceName><DeviceCode>372</DeviceCode><DeviceHandle>286</DeviceHandle><DvcSymbolHandle>10</DvcSymbolHandle><DeviceLibraryName>C2ENET-1</DeviceLibraryName><SymbolTagName>Slot</SymbolTagName><WizardCateogry>1</WizardCateogry><DeviceSettableMode>2</DeviceSettableMode><DeviceFirmwareName>C2ENET-1</DeviceFirmwareName><IsNetDevice>0</IsNetDevice><Address>05</Address><AddressType>Ethernet</AddressType></DEVICE><DEVICE><DeviceName>C2I-MC2-COM2</DeviceName><DeviceCode>558</DeviceCode><DeviceHandle>542</DeviceHandle><DvcSymbolHandle>11</DvcSymbolHandle><DeviceLibraryName>C2I-MC2-COM2</DeviceLibraryName><SymbolTagName>Slot</SymbolTagName><WizardCateogry>1</WizardCateogry><DeviceSettableMode>2</DeviceSettableMode><DeviceFirmwareName>C2I-MC2-COM2</DeviceFirmwareName><IsNetDevice>0</IsNetDevice><Address>06</Address><AddressType>Ethernet</AddressType></DEVICE><DEVICE><DeviceName>Polycom VSX8000</DeviceName><DeviceCode>369</DeviceCode><DeviceHandle>544</DeviceHandle><DvcSymbolHandle>12</DvcSymbolHandle><DeviceLibraryName>C2 COM Two-way serial driver</DeviceLibraryName><SymbolTagName>Port</SymbolTagName><WizardCateogry>32</WizardCateogry><DeviceSettableMode>2</DeviceSettableMode><IsNetDevice>0</IsNetDevice><Address>A</Address><AddressType>Ethernet</AddressType></DEVICE><DEVICE><DeviceName>C2 COM Two-way serial driver</DeviceName><DeviceCode>369</DeviceCode><DeviceHandle>546</DeviceHandle><DvcSymbolHandle>13</DvcSymbolHandle><DeviceLibraryName>C2 COM Two-way serial driver</DeviceLibraryName><SymbolTagName>Port</SymbolTagName><WizardCateogry>32</WizardCateogry><DeviceSettableMode>2</DeviceSettableMode><IsNetDevice>0</IsNetDevice><Address>B</Address><AddressType>Ethernet</AddressType></DEVICE><DEVICE><DeviceName>C2I-MC2-IR-INPUT</DeviceName><DeviceCode>560</DeviceCode><DeviceHandle>548</DeviceHandle><DvcSymbolHandle>14</DvcSymbolHandle><DeviceLibraryName>C2I-MC2-IR-INPUT</DeviceLibraryName><SymbolTagName>Slot</SymbolTagName><WizardCateogry>1</WizardCateogry><DeviceSettableMode>2</DeviceSettableMode><DeviceFirmwareName>C2I-MC2-IR-INPUT</DeviceFirmwareName><IsNetDevice>0</IsNetDevice><Address>07</Address><AddressType>Ethernet</AddressType></DEVICE><DEVICE><DeviceName>C2I-MC2E-FRONTPANEL</DeviceName><DeviceCode>667</DeviceCode><DeviceHandle>615</DeviceHandle><DvcSymbolHandle>15</DvcSymbolHandle><DeviceLibraryName>C2I-MC2E-FRONTPANEL</DeviceLibraryName><SymbolTagName>Slot</SymbolTagName><WizardCateogry>1</WizardCateogry><DeviceSettableMode>2</DeviceSettableMode><DeviceFirmwareName>C2I-MC2-FRONTPANEL</DeviceFirmwareName><IsNetDevice>0</IsNetDevice><Address>09</Address><AddressType>Ethernet</AddressType></DEVICE><DEVICE><DeviceName>QM-RX PLA2</DeviceName><DeviceCode>632</DeviceCode><DeviceHandle>617</DeviceHandle><DvcSymbolHandle>48</DvcSymbolHandle><DeviceLibraryName>QM-RX</DeviceLibraryName><SymbolTagName>ID</SymbolTagName><WizardCateogry>1</WizardCateogry><DeviceSettableMode>2</DeviceSettableMode><DeviceFirmwareName>QM-RX</DeviceFirmwareName><IsNetDevice>1</IsNetDevice><LocalOrRemote>Local</LocalOrRemote><Address>21</Address><AddressType>Cresnet</AddressType></DEVICE><DEVICE><DeviceName>C2I-QMRX-VIDEO</DeviceName><DeviceCode>807</DeviceCode><DeviceHandle>619</DeviceHandle><DvcSymbolHandle>49</DvcSymbolHandle><DeviceLibraryName>C2I-QMRX-VIDEO</DeviceLibraryName><SymbolTagName>Slot</SymbolTagName><WizardCateogry>1</WizardCateogry><DeviceSettableMode>2</DeviceSettableMode><DeviceFirmwareName>C2I-RX-VIDEO</DeviceFirmwareName><IsNetDevice>0</IsNetDevice><Address>01</Address><AddressType>Cresnet</AddressType></DEVICE><DEVICE><DeviceName>C2I-RX-COM1-232</DeviceName><DeviceCode>780</DeviceCode><DeviceHandle>621</DeviceHandle><DvcSymbolHandle>50</DvcSymbolHandle><DeviceLibraryName>C2I-RX-COM1-232</DeviceLibraryName><SymbolTagName>Slot</SymbolTagName><WizardCateogry>1</WizardCateogry><DeviceSettableMode>2</DeviceSettableMode><IsNetDevice>0</IsNetDevice><Address>02</Address><AddressType>Cresnet</AddressType></DEVICE><DEVICE><DeviceName>Samsung PPM - 2</DeviceName><DeviceCode>781</DeviceCode><DeviceHandle>623</DeviceHandle><DvcSymbolHandle>51</DvcSymbolHandle><DeviceLibraryName>QM-RX Two-way serial driver</DeviceLibraryName><SymbolTagName>COM</SymbolTagName><WizardCateogry>32</WizardCateogry><DeviceSettableMode>2</DeviceSettableMode><IsNetDevice>0</IsNetDevice><Address>A</Address><AddressType>Cresnet</AddressType></DEVICE><DEVICE><DeviceName>C2I-RX-IR1</DeviceName><DeviceCode>782</DeviceCode><DeviceHandle>625</DeviceHandle><DvcSymbolHandle>52</DvcSymbolHandle><DeviceLibraryName>C2I-RX-IR1</DeviceLibraryName><SymbolTagName>Slot</SymbolTagName><WizardCateogry>1</WizardCateogry><DeviceSettableMode>2</DeviceSettableMode><IsNetDevice>0</IsNetDevice><Address>03</Address><AddressType>Cresnet</AddressType></DEVICE><DEVICE><DeviceName>C2I-RX-DI1</DeviceName><DeviceCode>783</DeviceCode><DeviceHandle>628</DeviceHandle><DvcSymbolHandle>53</DvcSymbolHandle><DeviceLibraryName>C2I-RX-DI1</DeviceLibraryName><SymbolTagName>Slot</SymbolTagName><WizardCateogry>1</WizardCateogry><DeviceSettableMode>2</DeviceSettableMode><IsNetDevice>0</IsNetDevice><Address>04</Address><AddressType>Cresnet</AddressType></DEVICE><DEVICE><DeviceName>DIO-Port</DeviceName><DeviceCode>125</DeviceCode><DeviceHandle>630</DeviceHandle><DvcSymbolHandle>0</DvcSymbolHandle><DeviceLibraryName>DIO-Port</DeviceLibraryName><SymbolTagName>Slot</SymbolTagName><WizardCateogry>32</WizardCateogry><DeviceSettableMode>2</DeviceSettableMode><IsNetDevice>0</IsNetDevice><Address>01</Address><AddressType>Cresnet</AddressType></DEVICE><DEVICE><DeviceName>QM-RX PLA1</DeviceName><DeviceCode>632</DeviceCode><DeviceHandle>631</DeviceHandle><DvcSymbolHandle>54</DvcSymbolHandle><DeviceLibraryName>QM-RX</DeviceLibraryName><SymbolTagName>ID</SymbolTagName><WizardCateogry>1</WizardCateogry><DeviceSettableMode>2</DeviceSettableMode><DeviceFirmwareName>QM-RX</DeviceFirmwareName><IsNetDevice>1</IsNetDevice><LocalOrRemote>Local</LocalOrRemote><Address>20</Address><AddressType>Cresnet</AddressType></DEVICE><DEVICE><DeviceName>C2I-QMRX-VIDEO</DeviceName><DeviceCode>807</DeviceCode><DeviceHandle>633</DeviceHandle><DvcSymbolHandle>55</DvcSymbolHandle><DeviceLibraryName>C2I-QMRX-VIDEO</DeviceLibraryName><SymbolTagName>Slot</SymbolTagName><WizardCateogry>1</WizardCateogry><DeviceSettableMode>2</DeviceSettableMode><DeviceFirmwareName>C2I-RX-VIDEO</DeviceFirmwareName><IsNetDevice>0</IsNetDevice><Address>01</Address><AddressType>Cresnet</AddressType></DEVICE><DEVICE><DeviceName>C2I-RX-COM1-232</DeviceName><DeviceCode>780</DeviceCode><DeviceHandle>635</DeviceHandle><DvcSymbolHandle>56</DvcSymbolHandle><DeviceLibraryName>C2I-RX-COM1-232</DeviceLibraryName><SymbolTagName>Slot</SymbolTagName><WizardCateogry>1</WizardCateogry><DeviceSettableMode>2</DeviceSettableMode><IsNetDevice>0</IsNetDevice><Address>02</Address><AddressType>Cresnet</AddressType></DEVICE><DEVICE><DeviceName>Samsung PPM -1</DeviceName><DeviceCode>781</DeviceCode><DeviceHandle>637</DeviceHandle><DvcSymbolHandle>57</DvcSymbolHandle><DeviceLibraryName>QM-RX Two-way serial driver</DeviceLibraryName><SymbolTagName>COM</SymbolTagName><WizardCateogry>32</WizardCateogry><DeviceSettableMode>2</DeviceSettableMode><IsNetDevice>0</IsNetDevice><Address>A</Address><AddressType>Cresnet</AddressType></DEVICE><DEVICE><DeviceName>C2I-RX-IR1</DeviceName><DeviceCode>782</DeviceCode><DeviceHandle>639</DeviceHandle><DvcSymbolHandle>58</DvcSymbolHandle><DeviceLibraryName>C2I-RX-IR1</DeviceLibraryName><SymbolTagName>Slot</SymbolTagName><WizardCateogry>1</WizardCateogry><DeviceSettableMode>2</DeviceSettableMode><IsNetDevice>0</IsNetDevice><Address>03</Address><AddressType>Cresnet</AddressType></DEVICE><DEVICE><DeviceName>C2I-RX-DI1</DeviceName><DeviceCode>783</DeviceCode><DeviceHandle>642</DeviceHandle><DvcSymbolHandle>59</DvcSymbolHandle><DeviceLibraryName>C2I-RX-DI1</DeviceLibraryName><SymbolTagName>Slot</SymbolTagName><WizardCateogry>1</WizardCateogry><DeviceSettableMode>2</DeviceSettableMode><IsNetDevice>0</IsNetDevice><Address>04</Address><AddressType>Cresnet</AddressType></DEVICE><DEVICE><DeviceName>DIO-Port</DeviceName><DeviceCode>125</DeviceCode><DeviceHandle>644</DeviceHandle><DvcSymbolHandle>0</DvcSymbolHandle><DeviceLibraryName>DIO-Port</DeviceLibraryName><SymbolTagName>Slot</SymbolTagName><WizardCateogry>32</WizardCateogry><DeviceSettableMode>2</DeviceSettableMode><IsNetDevice>0</IsNetDevice><Address>01</Address><AddressType>Cresnet</AddressType></DEVICE><DEVICE><DeviceName>Sony SLV-D500P (DVD functions)</DeviceName><DeviceCode>133</DeviceCode><DeviceHandle>645</DeviceHandle><DvcSymbolHandle>63</DvcSymbolHandle><DeviceLibraryName>Crestron DB IR-controlled device</DeviceLibraryName><SymbolTagName>Port</SymbolTagName><WizardCateogry>32</WizardCateogry><DeviceSettableMode>2</DeviceSettableMode><IsNetDevice>0</IsNetDevice><Address>A</Address><AddressType>Cresnet</AddressType></DEVICE><DEVICE><DeviceName>Sony SLV-D500P (VCR functions)</DeviceName><DeviceCode>133</DeviceCode><DeviceHandle>646</DeviceHandle><DvcSymbolHandle>64</DvcSymbolHandle><DeviceLibraryName>Crestron DB IR-controlled device</DeviceLibraryName><SymbolTagName>Port</SymbolTagName><WizardCateogry>32</WizardCateogry><DeviceSettableMode>2</DeviceSettableMode><IsNetDevice>0</IsNetDevice><Address>A</Address><AddressType>Cresnet</AddressType></DEVICE><DEVICE><DeviceName>Scientific Atlanta DMR-28 (cable mode)</DeviceName><DeviceCode>133</DeviceCode><DeviceHandle>647</DeviceHandle><DvcSymbolHandle>65</DvcSymbolHandle><DeviceLibraryName>Crestron DB IR-controlled device</DeviceLibraryName><SymbolTagName>Port</SymbolTagName><WizardCateogry>32</WizardCateogry><DeviceSettableMode>2</DeviceSettableMode><IsNetDevice>0</IsNetDevice><Address>B</Address><AddressType>Cresnet</AddressType></DEVICE><DEVICE><DeviceName>TPS-4L (Cresnet)</DeviceName><DeviceCode>944</DeviceCode><DeviceHandle>648</DeviceHandle><DvcSymbolHandle>66</DvcSymbolHandle><DeviceLibraryName>TPS-4L (Cresnet)</DeviceLibraryName><SymbolTagName>ID</SymbolTagName><WizardCateogry>2</WizardCateogry><DeviceSettableMode>16</DeviceSettableMode><DeviceFirmwareName>TPS-4,TPS-4L,</DeviceFirmwareName><IsNetDevice>1</IsNetDevice><LocalOrRemote>Local</LocalOrRemote><Address>03</Address><AddressType>Cresnet</AddressType></DEVICE><DEVICE><DeviceName>XPanel</DeviceName><DeviceCode>602</DeviceCode><DeviceHandle>662</DeviceHandle><DvcSymbolHandle>69</DvcSymbolHandle><DeviceLibraryName>XPanel</DeviceLibraryName><SymbolTagName>IP-ID</SymbolTagName><WizardCateogry>2</WizardCateogry><DeviceSettableMode>9</DeviceSettableMode><IsNetDevice>0</IsNetDevice><LocalOrRemote>Local</LocalOrRemote><Address>03</Address><AddressType>Ethernet</AddressType><IPAddress>127.0.0.1</IPAddress><SubnetMask>255.255.255.0</SubnetMask></DEVICE><DEVICE><DeviceName>QM-FTCC</DeviceName><DeviceCode>763</DeviceCode><DeviceHandle>663</DeviceHandle><DvcSymbolHandle>71</DvcSymbolHandle><DeviceLibraryName>QM-FTCC</DeviceLibraryName><SymbolTagName>ID</SymbolTagName><WizardCateogry>1</WizardCateogry><DeviceSettableMode>2</DeviceSettableMode><DeviceFirmwareName>QM-FTCC</DeviceFirmwareName><IsNetDevice>1</IsNetDevice><LocalOrRemote>Local</LocalOrRemote><Address>05</Address><AddressType>Cresnet</AddressType><IPAddress>127.0.0.1</IPAddress><SubnetMask>255.255.255.0</SubnetMask></DEVICE><DEVICE><DeviceName>QM-FTCC/FTDC Basic Controls</DeviceName><DeviceCode>762</DeviceCode><DeviceHandle>665</DeviceHandle><DvcSymbolHandle>75</DvcSymbolHandle><DeviceLibraryName>QM-FTCC/FTDC Basic Controls</DeviceLibraryName><SymbolTagName>Slot</SymbolTagName><WizardCateogry>1</WizardCateogry><DeviceSettableMode>2</DeviceSettableMode><IsNetDevice>0</IsNetDevice><Address>01</Address><AddressType>Cresnet</AddressType><IPAddress>127.0.0.1</IPAddress><SubnetMask>255.255.255.0</SubnetMask></DEVICE><DEVICE><DeviceName>QM-FTMC/FTMCSC/FTCC/FTDC Microphone Controls</DeviceName><DeviceCode>732</DeviceCode><DeviceHandle>667</DeviceHandle><DvcSymbolHandle>76</DvcSymbolHandle><DeviceLibraryName>QM-FTMC/FTMCSC/FTCC/FTDC Microphone Controls</DeviceLibraryName><SymbolTagName>Slot</SymbolTagName><WizardCateogry>1</WizardCateogry><DeviceSettableMode>2</DeviceSettableMode><IsNetDevice>0</IsNetDevice><Address>02</Address><AddressType>Cresnet</AddressType><IPAddress>127.0.0.1</IPAddress><SubnetMask>255.255.255.0</SubnetMask></DEVICE><DEVICE><DeviceName>QM-FTMC/FTMCSC/FTCC/FTDC Buttons</DeviceName><DeviceCode>733</DeviceCode><DeviceHandle>669</DeviceHandle><DvcSymbolHandle>77</DvcSymbolHandle><DeviceLibraryName>QM-FTMC/FTMCSC/FTCC/FTDC Buttons</DeviceLibraryName><SymbolTagName>Slot</SymbolTagName><WizardCateogry>1</WizardCateogry><DeviceSettableMode>2</DeviceSettableMode><IsNetDevice>0</IsNetDevice><Address>03</Address><AddressType>Cresnet</AddressType><IPAddress>127.0.0.1</IPAddress><SubnetMask>255.255.255.0</SubnetMask></DEVICE><DEVICE><DeviceName>QM-MD7x2 (No Auto Compensation)</DeviceName><DeviceCode>734</DeviceCode><DeviceHandle>670</DeviceHandle><DvcSymbolHandle>78</DvcSymbolHandle><DeviceLibraryName>QM-MD7x2 (No Auto Compensation)</DeviceLibraryName><SymbolTagName>ID</SymbolTagName><WizardCateogry>1</WizardCateogry><DeviceSettableMode>2</DeviceSettableMode><DeviceFirmwareName>QM-MD7x2</DeviceFirmwareName><IsNetDevice>1</IsNetDevice><LocalOrRemote>Local</LocalOrRemote><Address>10</Address><AddressType>Cresnet</AddressType><IPAddress>127.0.0.1</IPAddress><SubnetMask>255.255.255.0</SubnetMask></DEVICE><DEVICE><DeviceName>QM-MD7x2 Input Switching</DeviceName><DeviceCode>735</DeviceCode><DeviceHandle>672</DeviceHandle><DvcSymbolHandle>79</DvcSymbolHandle><DeviceLibraryName>QM-MD7x2 Input Switching</DeviceLibraryName><SymbolTagName>Slot</SymbolTagName><WizardCateogry>1</WizardCateogry><DeviceSettableMode>2</DeviceSettableMode><IsNetDevice>0</IsNetDevice><Address>01</Address><AddressType>Cresnet</AddressType><IPAddress>127.0.0.1</IPAddress><SubnetMask>255.255.255.0</SubnetMask></DEVICE><DEVICE><DeviceName>QM-MD7x2 Local Microphone Controls</DeviceName><DeviceCode>736</DeviceCode><DeviceHandle>674</DeviceHandle><DvcSymbolHandle>80</DvcSymbolHandle><DeviceLibraryName>QM-MD7x2 Local Microphone Controls</DeviceLibraryName><SymbolTagName>Slot</SymbolTagName><WizardCateogry>1</WizardCateogry><DeviceSettableMode>2</DeviceSettableMode><IsNetDevice>0</IsNetDevice><Address>02</Address><AddressType>Cresnet</AddressType><IPAddress>127.0.0.1</IPAddress><SubnetMask>255.255.255.0</SubnetMask></DEVICE><DEVICE><DeviceName>QM-MD7x2 Remote Microphone EQ Controls</DeviceName><DeviceCode>737</DeviceCode><DeviceHandle>676</DeviceHandle><DvcSymbolHandle>81</DvcSymbolHandle><DeviceLibraryName>QM-MD7x2 Remote Microphone EQ Controls</DeviceLibraryName><SymbolTagName>Slot</SymbolTagName><WizardCateogry>1</WizardCateogry><DeviceSettableMode>2</DeviceSettableMode><IsNetDevice>0</IsNetDevice><Address>03</Address><AddressType>Cresnet</AddressType><IPAddress>127.0.0.1</IPAddress><SubnetMask>255.255.255.0</SubnetMask></DEVICE><DEVICE><DeviceName>QM-MD7x2 Mixer 1</DeviceName><DeviceCode>738</DeviceCode><DeviceHandle>678</DeviceHandle><DvcSymbolHandle>82</DvcSymbolHandle><DeviceLibraryName>QM-MD7x2 Mixer 1</DeviceLibraryName><SymbolTagName>Slot</SymbolTagName><WizardCateogry>1</WizardCateogry><DeviceSettableMode>2</DeviceSettableMode><IsNetDevice>0</IsNetDevice><Address>04</Address><AddressType>Cresnet</AddressType><IPAddress>127.0.0.1</IPAddress><SubnetMask>255.255.255.0</SubnetMask></DEVICE><DEVICE><DeviceName>QM-MD7x2 Mixer 2</DeviceName><DeviceCode>739</DeviceCode><DeviceHandle>680</DeviceHandle><DvcSymbolHandle>83</DvcSymbolHandle><DeviceLibraryName>QM-MD7x2 Mixer 2</DeviceLibraryName><SymbolTagName>Slot</SymbolTagName><WizardCateogry>1</WizardCateogry><DeviceSettableMode>2</DeviceSettableMode><IsNetDevice>0</IsNetDevice><Address>05</Address><AddressType>Cresnet</AddressType><IPAddress>127.0.0.1</IPAddress><SubnetMask>255.255.255.0</SubnetMask></DEVICE><DEVICE><DeviceName>QM-MD7x2 Graphic EQ 1</DeviceName><DeviceCode>740</DeviceCode><DeviceHandle>682</DeviceHandle><DvcSymbolHandle>84</DvcSymbolHandle><DeviceLibraryName>QM-MD7x2 Graphic EQ 1</DeviceLibraryName><SymbolTagName>Slot</SymbolTagName><WizardCateogry>1</WizardCateogry><DeviceSettableMode>2</DeviceSettableMode><IsNetDevice>0</IsNetDevice><Address>06</Address><AddressType>Cresnet</AddressType><IPAddress>127.0.0.1</IPAddress><SubnetMask>255.255.255.0</SubnetMask></DEVICE><DEVICE><DeviceName>QM-MD7x2 Graphic EQ 2</DeviceName><DeviceCode>741</DeviceCode><DeviceHandle>684</DeviceHandle><DvcSymbolHandle>85</DvcSymbolHandle><DeviceLibraryName>QM-MD7x2 Graphic EQ 2</DeviceLibraryName><SymbolTagName>Slot</SymbolTagName><WizardCateogry>1</WizardCateogry><DeviceSettableMode>2</DeviceSettableMode><IsNetDevice>0</IsNetDevice><Address>07</Address><AddressType>Cresnet</AddressType><IPAddress>127.0.0.1</IPAddress><SubnetMask>255.255.255.0</SubnetMask></DEVICE><DEVICE><DeviceName>QM-MD7x2 General Audio Controls</DeviceName><DeviceCode>742</DeviceCode><DeviceHandle>686</DeviceHandle><DvcSymbolHandle>86</DvcSymbolHandle><DeviceLibraryName>QM-MD7x2 General Audio Controls</DeviceLibraryName><SymbolTagName>Slot</SymbolTagName><WizardCateogry>1</WizardCateogry><DeviceSettableMode>2</DeviceSettableMode><IsNetDevice>0</IsNetDevice><Address>08</Address><AddressType>Cresnet</AddressType><IPAddress>127.0.0.1</IPAddress><SubnetMask>255.255.255.0</SubnetMask></DEVICE></DeviceData></SmpWinPrj>
